player,total_shots,total_xG,total_goals,OverPerformxG,xG Per Shot
Aaron Mooy,1,0.039191317,0,-0.039191317,0.039191317
Aaron Ramsey,1,0.025361432,0,-0.025361432,0.025361432
Abdelhamid Sabiri,4,0.9068839989999999,1,0.09311600100000006,0.22672099974999999
Abdelkarim Hassan Al Haj Fadlalla,6,0.27491462450000004,0,-0.27491462450000004,0.04581910408333334
Abderrazak Hamdallah,2,0.542996504,0,-0.542996504,0.271498252
Abdessamad Ezzalzouli,1,0.05950738,0,-0.05950738,0.05950738
Abdou Diallo,1,0.035411544,0,-0.035411544,0.035411544
Abdulaziz Hatem Mohammed Abdullah,1,0.024495702,0,-0.024495702,0.024495702
Abdulelah Al Amri,1,0.037819926,0,-0.037819926,0.037819926
Abdulelah Saad Hameed Al-Malki,2,0.13939861,0,-0.13939861,0.069699305
Abdulrahman Al-Obood,1,0.041744728,0,-0.041744728,0.041744728
Achraf Dari,1,0.4178385,1,0.5821615,0.4178385
Achraf Hakimi Mouh,5,0.919596872,1,0.08040312800000005,0.1839193744
Adrien Rabiot,9,0.728120058,1,0.271879942,0.08090222866666667
Ahmad Nourollahi,5,0.0804267816,0,-0.0804267816,0.01608535632
Ajdin Hrustic,1,0.033247408,0,-0.033247408,0.033247408
Akram Hassan Afif,2,0.029100373,0,-0.029100373,0.0145501865
Alejandro Balde Martínez,1,0.077706024,0,-0.077706024,0.077706024
Alejandro Darío Gómez,2,0.023071868,0,-0.023071868,0.011535934
Aleksandar Mitrović,10,1.501642214,2,0.4983577859999999,0.15016422140000002
Alex Sandro Lobo Silva,1,0.021819543,0,-0.021819543,0.021819543
Alexander Hartmann Bah,2,0.056216941,0,-0.056216941,0.0281084705
Alexis Mac Allister,7,0.5018383630000001,1,0.49816163699999993,0.07169119471428573
Ali Al Hassan,1,0.10154356,0,-0.10154356,0.10154356
Ali Gholizadeh,1,0.04282673,0,-0.04282673,0.04282673
Alidu Seidu,1,0.015372672,0,-0.015372672,0.015372672
Alireza Jahanbakhsh,3,0.154904189,0,-0.154904189,0.051634729666666664
Alistair Johnston,2,0.672354974,0,-0.672354974,0.336177487
Almoez Ali Zainalabiddin Abdulla,3,0.483816448,0,-0.483816448,0.16127214933333334
Alphonso Davies,4,0.928688898,1,0.07131110200000002,0.2321722245
Amadou Onana,2,0.29186468,0,-0.29186468,0.14593234
Andreas Christensen,2,0.5251976599999999,1,0.4748023400000001,0.26259882999999995
Andreas Evald Cornelius,5,0.801507865,0,-0.801507865,0.160301573
Andreas Skov Olsen,4,0.311829907,0,-0.311829907,0.07795747675
Andrej Kramarić,10,1.087257213,2,0.912742787,0.1087257213
Andrija Živković,1,0.030001678,0,-0.030001678,0.030001678
André Ayew Pelé,2,1.2687446599999999,1,-0.26874465999999986,0.6343723299999999
André-Frank Zambo Anguissa,1,0.046351306,0,-0.046351306,0.046351306
Angelo Smit Preciado Quiñónez,4,0.0708458504,0,-0.0708458504,0.0177114626
Anis Ben Slimane,1,0.1007914,0,-0.1007914,0.1007914
Ante Budimir,1,0.10111922,0,-0.10111922,0.10111922
Antoine Griezmann,6,0.49632007100000003,0,-0.49632007100000003,0.08272001183333334
Antoine Semenyo,1,0.12024433,0,-0.12024433,0.12024433
Antonio Rüdiger,6,0.6597156827,0,-0.6597156827,0.10995261378333333
Antony Matheus dos Santos,6,0.1545435,0,-0.1545435,0.02575725
Ao Tanaka,1,0.87261814,1,0.12738185999999996,0.87261814
Arkadiusz Milik,1,0.13519733,0,-0.13519733,0.13519733
Atiba Hutchinson,2,0.133220574,0,-0.133220574,0.066610287
Aurélien Djani Tchouaméni,7,1.182897098,1,-0.18289709799999998,0.16898529971428572
Axel Disasi,1,0.061025612,0,-0.061025612,0.061025612
Axel Witsel,1,0.025340356,0,-0.025340356,0.025340356
Aymeric Laporte,1,0.04145577,0,-0.04145577,0.04145577
Aziz Eraltay Behich,2,0.126898918,0,-0.126898918,0.063449459
Azzedine Ounahi,6,0.244700479,0,-0.244700479,0.040783413166666664
Aïssa Bilal Laïdouni,2,0.08097828400000001,0,-0.08097828400000001,0.040489142000000006
Badr Banoun,1,0.7835,0,-0.7835,0.7835
Ben Davies,3,0.384204745,0,-0.384204745,0.12806824833333333
Bernardo Mota Veiga de Carvalho e Silva,1,0.10927713,0,-0.10927713,0.10927713
Borna Barišić,1,0.015196718,0,-0.015196718,0.015196718
Borna Sosa,2,0.048374664,0,-0.048374664,0.024187332
Boulaye Dia,8,0.662240351,1,0.337759649,0.082780043875
Breel-Donald Embolo,6,2.391196598,2,-0.39119659800000006,0.39853276633333334
Brenden Aaronson,1,0.09428854,0,-0.09428854,0.09428854
Brennan Johnson,3,0.124267868,0,-0.124267868,0.041422622666666666
Bruno Guimarães Rodriguez Moura,5,0.64781192,0,-0.64781192,0.129562384
Bruno Miguel Borges Fernandes,8,1.0313368613,2,0.9686631387,0.1289171076625
Bruno Petković,1,0.09977819,1,0.90022181,0.09977819
Bryan Mbeumo,2,0.134345962,0,-0.134345962,0.067172981
Bukayo Saka,7,0.579455465,3,2.420544535,0.08277935214285714
Carlos Henrique Casimiro,10,1.1432915347,2,0.8567084653000001,0.11432915346999999
Carlos Soler Barragán,5,1.271484056,1,-0.27148405600000003,0.25429681120000003
Carlos Uriel Antuna Romero,2,0.30874212,0,-0.30874212,0.15437106
Cheikh Ahmadou Bamba Mbacke Dieng,4,0.3838931,1,0.6161069,0.095973275
Christian Dannemann Eriksen,4,0.154105106,0,-0.154105106,0.0385262765
Christian Fassnacht,1,0.31681746,0,-0.31681746,0.31681746
Christian Pulisic,9,1.138087093,1,-0.138087093,0.12645412144444446
Christopher Wooh,1,0.05692788,0,-0.05692788,0.05692788
Cody Mathès Gakpo,5,0.5623670310000001,3,2.437632969,0.11247340620000001
Craig Goodwin,2,0.205087522,1,0.794912478,0.102543761
Cristiano Ronaldo dos Santos Aveiro,11,1.939259267,1,-0.939259267,0.176296297
Cyle Larin,3,0.249796684,0,-0.249796684,0.08326556133333333
César Jasib Montes Castro,1,0.0988946,0,-0.0988946,0.0988946
Daichi Kamada,6,0.42129175,0,-0.42129175,0.07021529166666667
Daizen Maeda,2,0.53585137,1,0.46414862999999995,0.267925685
Daley Blind,5,0.521673045,1,0.478326955,0.104334609
Daniel Alves da Silva,3,0.120014081,0,-0.120014081,0.04000469366666667
Daniel Olmo Carvajal,12,1.0841161047,1,-0.08411610470000008,0.090343008725
Danilo Luiz da Silva,2,0.0323683795,0,-0.0323683795,0.01618418975
Darko Lazović,1,0.018288644,0,-0.018288644,0.018288644
Darwin Gabriel Núñez Ribeiro,3,0.21691335099999998,0,-0.21691335099999998,0.07230445033333333
David Junior Hoilett,4,0.11914880800000001,0,-0.11914880800000001,0.029787202000000002
Davy Klaassen,2,0.43179539,1,0.56820461,0.215897695
Dejan Lovren,4,0.381529793,0,-0.381529793,0.09538244825
Denis Lemi Zakaria Lako Lado,1,0.04188712,0,-0.04188712,0.04188712
Denzel Dumfries,2,0.283319202,1,0.7166807980000001,0.141659601
Diego Nicolás De La Cruz Arcosa,1,0.0429242,0,-0.0429242,0.0429242
Diego Roberto Godín Leal,1,0.054689027,0,-0.054689027,0.054689027
Djibril Sow,2,0.150380136,0,-0.150380136,0.075190068
Dries Mertens,3,0.367153732,0,-0.367153732,0.12238457733333334
Dušan Tadić,1,0.061684445,0,-0.061684445,0.061684445
Dušan Vlahović,3,0.7624475099999999,1,0.23755249000000012,0.25414917
Dylan Daniel Mahmoud Bronn,1,0.059058707,0,-0.059058707,0.059058707
Eden Hazard,1,0.009158539,0,-0.009158539,0.009158539
Edimilson Fernandes,1,0.029247057,0,-0.029247057,0.029247057
Edinson Roberto Cavani Gómez,3,0.17895877999999998,0,-0.17895877999999998,0.05965292666666666
Edson Omar Álvarez Velázquez,1,0.013687578,0,-0.013687578,0.013687578
Ehsan Hajsafi,1,0.068153165,0,-0.068153165,0.068153165
Ellyes Joris Skhiri,2,0.10099208700000001,0,-0.10099208700000001,0.050496043500000004
Enner Remberto Valencia Lastra,9,1.924592276,3,1.075407724,0.21384358622222222
Enzo Fernandez,9,1.050628615,1,-0.05062861499999993,0.11673651277777777
Ernesto Alexis Vega Rojas,9,0.6920090567,0,-0.6920090567,0.07688989518888889
Ethan Ampadu,1,0.013776194,0,-0.013776194,0.013776194
Exequiel Alejandro Palacios,1,0.046685893,0,-0.046685893,0.046685893
Fabian Lukas Schär,2,0.103672833,0,-0.103672833,0.0518364165
Facundo Pellistri Rebollo,1,0.099497445,0,-0.099497445,0.099497445
Famara Diedhiou,3,0.238120196,1,0.761879804,0.07937339866666666
Federico Santiago Valverde Dipetta,7,0.11665369960000001,0,-0.11665369960000001,0.01666481422857143
Felix Eduardo Torres Caicedo,1,0.15397952,0,-0.15397952,0.15397952
Ferjani Sassi,1,0.020219443,0,-0.020219443,0.020219443
Ferrán Torres García,4,1.005212115,2,0.994787885,0.25130302875
Filip Kostić,1,0.012009094,0,-0.012009094,0.012009094
Filip Mladenović,1,0.026318645,0,-0.026318645,0.026318645
Firas Tariq Nasser Al Albirakan,2,0.124001969,0,-0.124001969,0.0620009845
Fran Karačić,3,0.05547327569999999,0,-0.05547327569999999,0.018491091899999996
Francisco Javier Calvo Quesada,1,0.014244432,0,-0.014244432,0.014244432
Frederico Rodrigues Santos,3,0.46720207,0,-0.46720207,0.15573402333333333
Frenkie de Jong,2,0.720993446,1,0.27900655399999996,0.360496723
Gabriel Fernando de Jesus,2,0.323986363,0,-0.323986363,0.1619931815
Gabriel Teodoro Martinelli Silva,4,0.405829787,0,-0.405829787,0.10145744675
Garang Kuol,1,0.23394231,0,-0.23394231,0.23394231
Gareth Frank Bale,2,0.8052008399999999,1,0.19479916000000008,0.40260041999999996
Georges-Kévin Nkoudou Mbida,1,0.0070103277,0,-0.0070103277,0.0070103277
Germán Alejandro Pezzella,1,0.04452438,0,-0.04452438,0.04452438
Gerson Torres Barrantes,1,0.01353695,0,-0.01353695,0.01353695
Giorgian Daniel De Arrascaeta Benedetti,3,1.13451217,2,0.86548783,0.37817072333333335
Giovanni Reyna,2,0.08602206000000001,0,-0.08602206000000001,0.043011030000000006
Gleison Bremer Silva Nascimento,1,0.34439024,0,-0.34439024,0.34439024
Gonzalo Ariel Montiel,3,1.587604363,2,0.4123956369999999,0.5292014543333333
Gonzalo Jordy Plata Jiménez,2,0.105323937,0,-0.105323937,0.0526619685
Gonçalo Matias Ramos,7,1.671089706,3,1.328910294,0.23872710085714285
Granit Xhaka,6,0.295522079,0,-0.295522079,0.049253679833333334
Grzegorz Krychowiak,1,0.02170277,0,-0.02170277,0.02170277
Gue-Sung Cho,8,0.71258904,2,1.2874109599999999,0.08907363
Haji Wright,7,0.658172932,1,0.34182706799999996,0.09402470457142857
Hakim Ziyech,11,1.095816526,2,0.9041834740000001,0.09961968418181817
Haris Seferović,1,0.27028984,0,-0.27028984,0.27028984
Harry Kane,12,2.330979943,2,-0.330979943,0.19424832858333332
Harry Maguire,6,0.489955663,0,-0.489955663,0.08165927716666667
Harry Souttar,1,0.06809473,0,-0.06809473,0.06809473
Harry Wilson,2,0.061493684,0,-0.061493684,0.030746842
Hassan Khalid Al Heidos,1,0.015712837,0,-0.015712837,0.015712837
Hee-Chan Hwang,6,0.5679465854,1,0.4320534146,0.09465776423333333
Henry Josué Martín Mex,4,0.6686734,1,0.3313266,0.16716835
Heung-Min Son,9,0.453828075,0,-0.453828075,0.050425341666666665
Hidemasa Morita,3,0.190594476,0,-0.190594476,0.06353149200000001
Hiroki Sakai,1,0.28772855,0,-0.28772855,0.28772855
Hirving Rodrigo Lozano Bahena,6,0.24040568040000002,0,-0.24040568040000002,0.0400676134
Héctor Alfredo Moreno Herrera,1,0.1766503,0,-0.1766503,0.1766503
Ibrahima Konaté,2,0.17601235,0,-0.17601235,0.088006175
Idrissa Gana Gueye,4,0.332398158,0,-0.332398158,0.0830995395
Iliman Ndiaye,2,0.07411676,0,-0.07411676,0.03705838
In-Beom Hwang,6,0.197748277,0,-0.197748277,0.032958046166666664
Ismaeel Mohammad Mohammad,2,0.35790671,0,-0.35790671,0.178953355
Ismail Jakobs,1,0.014392905,0,-0.014392905,0.014392905
Ismaïla Sarr,10,1.848790219,1,-0.8487902190000001,0.1848790219
Issam Jebali,3,0.5930872340000001,0,-0.5930872340000001,0.1976957446666667
Ivan Perišić,16,0.7556302263,1,0.24436977370000001,0.04722688914375
Iñaki Williams Arthuer,2,0.126027007,0,-0.126027007,0.0630135035
Jack Grealish,1,0.6262809,1,0.37371909999999997,0.6262809
Jackson Gabriel Porozo Vernaza,1,0.052534856,0,-0.052534856,0.052534856
Jackson Irvine,3,0.33239220599999997,0,-0.33239220599999997,0.11079740199999999
Jae-Sung Lee,1,0.021393217,0,-0.021393217,0.021393217
Jakub Kamiński,4,0.26249409,0,-0.26249409,0.0656235225
Jakub Piotr Kiwior,1,0.12449861,0,-0.12449861,0.12449861
Jamal Musiala,11,1.152516099,0,-1.152516099,0.10477419081818183
Jan Vertonghen,2,0.10772621,0,-0.10772621,0.053863105
Jawad El Yamiq,1,0.06408756,0,-0.06408756,0.06408756
Jean-Charles Castelletto,1,0.8945071,1,0.1054929,0.8945071
Jean-Eric Maxim Choupo-Moting,3,0.5235422875,1,0.4764577125,0.17451409583333333
Jeremy Leonel Sarmiento Morante,1,0.02928531,0,-0.02928531,0.02928531
Jesper Lindstrøm,3,0.334183148,0,-0.334183148,0.11139438266666667
Jesús Daniel Gallardo Vasconcelos,1,0.06430086,0,-0.06430086,0.06430086
Jewison Bennette,1,0.037811525,0,-0.037811525,0.037811525
Jin-Su Kim,3,0.285274066,0,-0.285274066,0.09509135533333334
Joachim Andersen,4,0.1448613,0,-0.1448613,0.036215325
Joakim Mæhle,2,0.042316963,0,-0.042316963,0.0211584815
Joe Allen,2,0.063709024,0,-0.063709024,0.031854512
Joel Nathaniel Campbell Samuels,1,0.051288527,0,-0.051288527,0.051288527
John Stones,4,0.587418711,0,-0.587418711,0.14685467775
Jonas Hofmann,1,0.32657883,0,-0.32657883,0.32657883
Jonathan David,8,0.8128135049999999,0,-0.8128135049999999,0.10160168812499999
Jonathan Osorio,1,0.03829635,0,-0.03829635,0.03829635
Jordan Ayew,1,0.07146578,0,-0.07146578,0.07146578
Jordan Brian Henderson,2,0.148950994,1,0.851049006,0.074475497
Jordi Alba Ramos,2,0.045861136,0,-0.045861136,0.022930568
Jorge Eduardo Sánchez Ramos,1,0.0069717234,0,-0.0069717234,0.0069717234
Joshua Kimmich,7,0.334518198,0,-0.334518198,0.047788314
Joshua Sargent,4,0.362028482,0,-0.362028482,0.0905071205
Josip Juranović,1,0.041306578,0,-0.041306578,0.041306578
Josip Stanišić,1,0.040524755,0,-0.040524755,0.040524755
José Adoni Cifuentes Charcopa,1,0.025271386,0,-0.025271386,0.025271386
José Diogo Dalot Teixeira,1,0.036435805,0,-0.036435805,0.036435805
José María Giménez de Vargas,3,0.129368291,0,-0.129368291,0.04312276366666667
João Félix Sequeira,11,0.669207472,1,0.33079252800000003,0.06083704290909091
João Maria Lobo Alves Palhinha Gonçalves,1,0.021024177,0,-0.021024177,0.021024177
João Pedro Cavaco Cancelo,2,0.054823571,0,-0.054823571,0.0274117855
Joško Gvardiol,2,0.186105118,1,0.813894882,0.093052559
Juan Pablo Vargas Campos,1,0.18427365,0,-0.18427365,0.18427365
Jude Bellingham,5,0.841256374,1,0.15874362600000003,0.1682512748
Jules Koundé,4,0.16960582600000002,0,-0.16960582600000002,0.042401456500000004
Jules Olivier Ntcham,1,0.03332142,0,-0.03332142,0.03332142
Julián Álvarez,11,1.908327433,4,2.091672567,0.1734843120909091
Junya Ito,2,0.11059656,0,-0.11059656,0.05529828
Kai Havertz,5,1.155300964,2,0.844699036,0.2310601928
Kalidou Koulibaly,1,0.23427999,1,0.76572001,0.23427999
Kamaldeen Sulemana,1,0.081227794,0,-0.081227794,0.081227794
Kamil Glik,3,0.150632187,0,-0.150632187,0.050210729
Kang-In Lee,5,0.117975209,0,-0.117975209,0.0235950418
Kaoru Mitoma,2,0.837634306,0,-0.837634306,0.418817153
Karim Ansarifard,1,0.06399969,0,-0.06399969,0.06399969
Karl Brillant Toko Ekambi,2,0.1803258,0,-0.1803258,0.0901629
Kasper Dolberg,4,0.511986249,0,-0.511986249,0.12799656225
Keanu Baccus,1,0.035468098,0,-0.035468098,0.035468098
Kendall Jamaal Waston Manley,1,0.099276,0,-0.099276,0.099276
Kevin De Bruyne,7,0.1779663248,0,-0.1779663248,0.025423760685714284
Kevin José Rodríguez Cortez,1,0.13848205,0,-0.13848205,0.13848205
Keysher Fuller Spence,3,0.31160433,1,0.68839567,0.10386811
Kieffer Roberto Francisco Moore,6,0.6403291090000001,0,-0.6403291090000001,0.10672151816666668
Kieran Trippier,1,0.042866398,0,-0.042866398,0.042866398
Kingsley Coman,2,0.8713631399999999,0,-0.8713631399999999,0.43568156999999996
Kléper Laveran Lima Ferreira,3,0.33506425,1,0.6649357499999999,0.11168808333333334
Ko Itakura,3,0.162244075,0,-0.162244075,0.05408135833333333
Krystian Bielik,2,0.136828873,0,-0.136828873,0.0684144365
Krzysztof Piątek,1,0.02819521,0,-0.02819521,0.02819521
Krépin Diatta,3,0.128994183,0,-0.128994183,0.042998061000000004
Kylian Mbappé Lottin,32,5.016751877,9,3.983248123,0.15677349615625
Kyung-Won Kwon,1,0.005484339,0,-0.005484339,0.005484339
Lautaro Javier Martínez,15,2.905046753,1,-1.9050467530000001,0.19366978353333333
Leander Dendoncker,1,0.08894938,0,-0.08894938,0.08894938
Leandro Daniel Paredes,3,1.5813709569999999,2,0.41862904300000015,0.5271236523333332
Leon Goretzka,4,0.46069595,0,-0.46069595,0.1151739875
Leroy Sané,3,0.18344245,0,-0.18344245,0.061147483333333336
Lionel Andrés Messi Cuccittini,34,7.598649225,9,1.401350775,0.2234896830882353
Lisandro Martínez,1,0.33156127,0,-0.33156127,0.33156127
Lovro Majer,5,1.5922397369999999,2,0.4077602630000001,0.3184479474
Lucas Tolentino Coelho de Lima,4,0.704333275,1,0.295666725,0.17608331875
Luis Alberto Suárez Díaz,2,0.361762436,0,-0.361762436,0.180881218
Luis Gerardo Chávez Magallón,10,0.2156515785,1,0.7843484215000001,0.02156515785
Luka Jović,2,0.05817553,0,-0.05817553,0.029087765
Luka Modrić,7,1.12735736,1,-0.12735735999999998,0.16105105142857143
Luke Shaw,3,0.084394449,0,-0.084394449,0.028131483
Luuk de Jong,2,0.8364073399999999,1,0.16359266000000006,0.41820366999999997
Manuel Obafemi Akanji,4,0.8826694319999999,1,0.11733056800000008,0.22066735799999998
Marcelo Brozović,5,1.368818893,1,-0.36881889300000004,0.2737637786
Marco Asensio Willemsen,10,0.608190739,1,0.391809261,0.0608190739
Marcos Aoás Corrêa,2,0.86164184,0,-0.86164184,0.43082092
Marcos Javier Acuña,2,0.076122072,0,-0.076122072,0.038061036
Marcos Llorente Moreno,1,0.024551911,0,-0.024551911,0.024551911
Marcus Rashford,11,1.382585795,3,1.617414205,0.12568961772727272
Marcus Thuram,1,0.115658596,0,-0.115658596,0.115658596
Mario Götze,1,0.066507556,0,-0.066507556,0.066507556
Mario Pašalić,4,0.9502076909999999,1,0.04979230900000009,0.23755192274999998
Mark Anthony Kaye,1,0.038882375,0,-0.038882375,0.038882375
Marko Grujić,1,0.027356416,0,-0.027356416,0.027356416
Marko Livaja,7,1.773984791,1,-0.773984791,0.2534263987142857
Martin Braithwaite Christensen,1,0.23786028,0,-0.23786028,0.23786028
Martin Hongla Yma II,1,0.08237888,0,-0.08237888,0.08237888
Mason Mount,4,0.18183271299999998,0,-0.18183271299999998,0.045458178249999995
Mateo Kovačić,3,0.34514701999999997,0,-0.34514701999999997,0.11504900666666666
Matheus Luiz Nunes,1,0.007849269,0,-0.007849269,0.007849269
Mathew Leckie,1,0.11353828,1,0.88646172,0.11353828
Mathias Jensen,2,0.048329171000000004,0,-0.048329171000000004,0.024164585500000002
Mathías Olivera Miramontes,2,0.08097578899999999,0,-0.08097578899999999,0.040487894499999996
Matty Cash,1,0.023505978,0,-0.023505978,0.023505978
Matías Vecino Falero,1,0.052239094,0,-0.052239094,0.052239094
Maximiliano Gómez González,2,0.077775581,0,-0.077775581,0.0388877905
Maya Yoshida,1,0.7835,0,-0.7835,0.7835
Mehdi Taremi,6,1.37814372,2,0.62185628,0.22969061999999998
Mehdi Torabi,2,0.09684943,0,-0.09684943,0.048424715
Memphis Depay,10,1.181855992,1,-0.18185599200000002,0.1181855992
Michael Steveen Estrada Martínez,3,0.246376532,0,-0.246376532,0.08212551066666667
Michał Skóraś,1,0.026707038,0,-0.026707038,0.026707038
Michy Batshuayi Tunga,6,0.620673121,1,0.37932687899999995,0.10344552016666668
Min Jae Kim,2,0.105906885,0,-0.105906885,0.0529534425
Mislav Oršić,10,1.0595709986,2,0.9404290014000001,0.10595709985999999
Mitchell Thomas Duke,7,0.254732119,1,0.745267881,0.03639030271428571
Mohamed Dräger,4,0.303584759,0,-0.303584759,0.07589618975
Mohamed Salisu,2,0.42841392,1,0.57158608,0.21420696
Mohammed Al Burayk,2,0.36966906099999997,0,-0.36966906099999997,0.18483453049999998
Mohammed Kanoo,6,0.319447288,0,-0.319447288,0.05324121466666667
Mohammed Kudus,8,0.658570808,2,1.341429192,0.082321351
Mohammed Muntari,3,0.184977709,1,0.815022291,0.06165923633333333
Moisés Isaac Caicedo Corozo,3,0.653325549,1,0.34667445100000005,0.21777518299999998
Montassar Omar Talbi,1,0.012159805,0,-0.012159805,0.012159805
Morteza Pouraliganji,2,0.26883789,0,-0.26883789,0.134418945
Nahuel Molina Lucero,2,0.485319467,1,0.5146805329999999,0.2426597335
Nampalys Mendy,2,0.09337050799999999,0,-0.09337050799999999,0.046685253999999995
Nawaf Shaker Al Abid,2,0.106110047,0,-0.106110047,0.0530550235
Nayef Aguerd,1,0.25141555,0,-0.25141555,0.25141555
Naïm Sliti,1,0.1403044,0,-0.1403044,0.1403044
Neco Williams,3,0.07557114100000001,0,-0.07557114100000001,0.025190380333333335
Nemanja Radonjić,2,0.051502228,0,-0.051502228,0.025751114
Neymar da Silva Santos Junior,12,2.129257917,2,-0.1292579169999999,0.17743815975
Ngoran Suiru Fai Collins,1,0.009452554,0,-0.009452554,0.009452554
Niclas Füllkrug,8,1.688675085,2,0.3113249149999999,0.211084385625
Nico Elvedi,1,0.19001445,0,-0.19001445,0.19001445
Nicolas Alexis Julio N'Koulou Ndoubena,3,0.382484566,0,-0.382484566,0.12749485533333335
Nicolás Alejandro Tagliafico,3,0.9122210500000001,0,-0.9122210500000001,0.30407368333333334
Nicolás Hernán Otamendi,1,0.048093256,0,-0.048093256,0.048093256
Niklas Süle,1,0.07610536,0,-0.07610536,0.07610536
Nikola Milenković,3,0.123164077,0,-0.123164077,0.04105469233333333
Nikola Vlašić,7,2.1955534329999997,2,-0.19555343299999972,0.3136504904285714
Noah Okafor,1,0.032096077,0,-0.032096077,0.032096077
Noussair Mazraoui,4,0.151342469,0,-0.151342469,0.03783561725
Olivier Giroud,17,3.0359552720000003,4,0.9640447279999997,0.17858560423529413
Orbelín Pineda Alvarado,4,0.505017774,0,-0.505017774,0.1262544435
Osman Bukari,3,0.2462625047,1,0.7537374953,0.08208750156666667
Otávio Edmilson da Silva Monteiro,3,0.1035403,0,-0.1035403,0.034513433333333336
Ousmane Dembélé,8,0.362467341,0,-0.362467341,0.045308417625
Pablo Martín Páez Gavira,1,0.056229107,1,0.9437708929999999,0.056229107
Pablo Sarabia García,2,0.88757615,0,-0.88757615,0.443788075
Pape Gueye,4,0.094318055,0,-0.094318055,0.02357951375
Pape Matar Sarr,4,0.08593205500000001,0,-0.08593205500000001,0.021483013750000002
Pathé Ismaël Ciss,1,0.03057826,0,-0.03057826,0.03057826
Paulo Bruno Exequiel Dybala,1,0.7835,1,0.21650000000000003,0.7835
Pedro Guilherme Abreu dos Santos,5,1.215663274,1,-0.21566327399999996,0.2431326548
Pedro Miguel Correia,2,0.037067295,0,-0.037067295,0.0185336475
Pervis Josué Estupiñán Tenorio,2,0.27007267,0,-0.27007267,0.135036335
Phil Foden,5,1.22865907,1,-0.22865906999999996,0.245731814
Philip Foden,1,0.022691524,0,-0.022691524,0.022691524
Pierre Kunde Malong,5,0.187109743,0,-0.187109743,0.0374219486
Pierre-Emile Højbjerg,2,0.023862642,0,-0.023862642,0.011931321
Piotr Zieliński,3,0.5838947800000001,1,0.41610521999999994,0.19463159333333335
Przemysław Frankowski,1,0.043646414,0,-0.043646414,0.043646414
Rafael Alexandre Conceição Leão,5,0.248383942,2,1.751616058,0.0496767884
Raheem Sterling,1,0.1885282,1,0.8114718,0.1885282
Ramin Rezaeian,2,0.230377999,1,0.769622001,0.1151889995
Randal Kolo Muani,5,2.050369225,2,-0.05036922499999985,0.410073845
Raphael Dias Belloli,8,0.922930661,0,-0.922930661,0.115366332625
Raphaël Adelino José Guerreiro,3,0.399528818,1,0.6004711819999999,0.13317627266666668
Raphaël Varane,3,0.26440085,0,-0.26440085,0.08813361666666668
Remo Freuler,3,0.54479492,1,0.45520508000000004,0.18159830666666665
Ricardo Jorge Luz Horta,3,0.458795408,1,0.5412045919999999,0.15293180266666667
Richarlison de Andrade,8,1.617659122,3,1.382340878,0.20220739025
Richie Laryea,2,0.056640564,0,-0.056640564,0.028320282
Riley McGree,3,0.08010532199999999,0,-0.08010532199999999,0.026701773999999998
Ritsu Doan,4,0.577215802,2,1.422784198,0.1443039505
Robert Lewandowski,12,3.125917802,2,-1.125917802,0.2604931501666667
Rodrigo Bentancur Colmán,3,0.620971297,0,-0.620971297,0.20699043233333334
Rodrigo Hernández Cascante,1,0.0056476467,0,-0.0056476467,0.0056476467
Rodrigo Javier De Paul,7,0.570042511,0,-0.570042511,0.08143464442857143
Rodrygo Silva de Goes,7,1.245341896,0,-1.245341896,0.17790598514285713
Rogelio Gabriel Funes Mori,1,0.06664524,0,-0.06664524,0.06664524
Romain Saïss,1,0.56495196,1,0.43504803999999997,0.56495196
Romario Andrés Ibarra Mina,2,0.136638454,0,-0.136638454,0.068319227
Romelu Lukaku Menama,5,1.68415473,0,-1.68415473,0.33683094599999996
Roozbeh Cheshmi,1,0.03268815,1,0.96731185,0.03268815
Ruben Vargas,3,0.29582627899999997,0,-0.29582627899999997,0.09860875966666666
Rubin Colwill,1,0.025066664,0,-0.025066664,0.025066664
Rúben Diogo Da Silva Neves,2,0.087037176,0,-0.087037176,0.043518588
Rúben Santos Gato Alves Dias,1,0.03750256,0,-0.03750256,0.03750256
Saeid Ezatolahi Afagh,3,0.0612828607,0,-0.0612828607,0.020427620233333332
Saleh Khalid Al Shehri,3,0.147030338,1,0.852969662,0.04901011266666667
Salem Mohammed Al Dawsari,7,1.564055345,2,0.4359446549999999,0.22343647785714288
Salis Abdul Samed,1,0.026676558,0,-0.026676558,0.026676558
Saman Ghoddos,1,0.39133456,0,-0.39133456,0.39133456
Sang-Ho Na,1,0.05996953,0,-0.05996953,0.05996953
Sardar Azmoun,5,0.960581323,0,-0.960581323,0.1921162646
Saud Abdullah Abdul Hamid,1,0.005913877,0,-0.005913877,0.005913877
Saša Lukić,1,0.039666813,0,-0.039666813,0.039666813
Sebastián Coates Nión,1,0.103292696,0,-0.103292696,0.103292696
Selim Amallah,2,0.11463773599999999,0,-0.11463773599999999,0.057318867999999995
Serge Gnabry,12,0.728018954,1,0.27198104599999995,0.06066824616666667
Sergej Milinković-Savić,3,0.200274783,1,0.799725217,0.066758261
Sergino Dest,6,0.2518676686,0,-0.2518676686,0.041977944766666664
Sergio Busquets i Burgos,3,0.88711582,0,-0.88711582,0.29570527333333335
Seung-Ho Paik,1,0.023081098,1,0.976918902,0.023081098
Shogo Taniguchi,2,0.17448755,0,-0.17448755,0.087243775
Silvan Widmer,1,0.05117428,0,-0.05117428,0.05117428
Sofiane Boufal,7,0.31647403,0,-0.31647403,0.04521057571428572
Sofyan Amrabat,1,0.020691318,0,-0.020691318,0.020691318
Stephen Antunes Eustáquio,3,0.164512644,0,-0.164512644,0.05483754800000001
Steven Berghuis,6,0.975530951,0,-0.975530951,0.16258849183333332
Steven Bergwijn,2,0.33993796000000004,0,-0.33993796000000004,0.16996898000000002
Strahinja Pavlović,2,0.177865885,1,0.822134115,0.0889329425
Sultan Abdullah Salim Al Ghannam,2,0.244814519,0,-0.244814519,0.1224072595
Taha Yassine Khenissi,1,0.012915949,0,-0.012915949,0.012915949
Tajon Buchanan,5,0.714270153,0,-0.714270153,0.1428540306
Takuma Asano,9,1.279548737,2,0.720451263,0.14217208188888888
Takumi Minamino,3,0.8339613109999999,0,-0.8339613109999999,0.2779871036666666
Tariq Lamptey,1,0.07450179,0,-0.07450179,0.07450179
Teun Koopmeiners,3,0.87343067,1,0.12656933000000004,0.29114355666666664
Theo Bernard François Hernández,5,0.259309684,1,0.740690316,0.051861936799999994
Thiago Emiliano da Silva,2,0.20821556000000002,0,-0.20821556000000002,0.10410778000000001
Thomas Meunier,3,0.119195924,0,-0.119195924,0.03973197466666666
Thomas Müller,3,0.270048914,0,-0.270048914,0.09001630466666666
Thomas Teye Partey,2,0.23574545500000002,0,-0.23574545500000002,0.11787272750000001
Tim Ream,1,0.2582279,0,-0.2582279,0.2582279
Timothy Weah,5,0.440147946,1,0.559852054,0.08802958920000001
Tyler Adams,1,0.019808901,0,-0.019808901,0.019808901
Ui-Jo Hwang,1,0.323128,0,-0.323128,0.323128
Vincent Janssen,2,0.15551722,0,-0.15551722,0.07775861
Vincent Paté Aboubakar,6,0.5289856239999999,2,1.471014376,0.08816427066666666
Vinícius José Paixão de Oliveira Júnior,9,0.8115265530000001,1,0.1884734469999999,0.09016961700000001
Virgil van Dijk,4,0.977948796,0,-0.977948796,0.244487199
Vitor Machado Ferreira,2,0.053871288999999996,0,-0.053871288999999996,0.026935644499999998
Wahbi Khazri,5,0.297766004,1,0.702233996,0.0595532008
Walid Cheddira,2,0.249388745,0,-0.249388745,0.1246943725
Walker Zimmerman,1,0.05674074,0,-0.05674074,0.05674074
Wataru Endo,6,0.181400907,0,-0.181400907,0.0302334845
Weston McKennie,5,0.37566194999999997,0,-0.37566194999999997,0.07513239
William Silva de Carvalho,1,0.048683427,0,-0.048683427,0.048683427
Woo-Yeong Jeong,1,0.03008143,0,-0.03008143,0.03008143
Woo-Young Jung,1,0.010946972,0,-0.010946972,0.010946972
Wout Weghorst,3,1.050509997,3,1.949490003,0.350169999
Xherdan Shaqiri,4,0.494927794,1,0.505072206,0.1237319485
Yahia Attiyat allah,2,0.331586645,0,-0.331586645,0.1657933225
Yannick Ferreira Carrasco,4,0.202310031,0,-0.202310031,0.05057750775
Yassine Meriah,1,0.046073906,0,-0.046073906,0.046073906
Yeltsin Ignacio Tejeda Valverde,2,0.522077037,1,0.47792296300000003,0.2610385185
Young-Gwon Kim,2,0.689242366,1,0.310757634,0.344621183
Youssef En-Nesyri,11,1.045874203,2,0.9541257970000001,0.09507947299999998
Youssef Msakni,9,0.642520471,0,-0.642520471,0.07139116344444445
Youssouf Fofana,4,0.16560118299999999,0,-0.16560118299999999,0.041400295749999996
Youssouf Sabaly,2,0.0178921875,0,-0.0178921875,0.00894609375
Yuki Soma,3,0.13489698,0,-0.13489698,0.04496566
Yunus Dimoara Musah,4,0.197483729,0,-0.197483729,0.04937093225
Zakaria Aboukhlal,3,0.5970794660000001,1,0.40292053399999994,0.1990264886666667
Álvaro Borja Morata Martín,8,1.109480678,3,1.890519322,0.13868508475
Ángel Fabián Di María Hernández,7,0.53383544,1,0.46616455999999995,0.07626220571428573
Éder Gabriel Militão,5,0.258765465,0,-0.258765465,0.05175309299999999
İlkay Gündoğan,6,1.128953889,1,-0.12895388899999993,0.1881589815
